Sector,সেক্টর
Dhaka,ঢাকা
Cantonment,সেনানিবাস
Section,সেকশন
lalmatia,লালমাটিয়া
East,পূর্ব
Tejturi,তেজতুরী
Bazar,বাজার
faydabad,ফায়দাবাদ
dakkhinkhan,দক্ষিনখান
Mirpur,মিরপুর
DOHS,ডিওএইচএস
Nikunja,নিকুঞ্জ
Real,রিয়াল
estate,স্টেট
Mollapara,মোল্লাপাড়া
Mohammadia,মোহাম্মদিয়া লিমিটেড
Housing,হাউজিং
Limited,লিমিটেড
Mohammadpur,মোহাম্মদপুর
Kalabagan,কলাবাগান
Khilgaon,খিলগাঁও
Khilgaon,খিলগাও
Kawran,কাওরান
Doaripara,দুয়ারিপাড়া
Sirajdikhan,সিরাজদিখান
Banasree,বনশ্রী
Shewrapara,শেওড়াপাড়া
Rampura,রামপুরা
Plaza,প্লাজা
Baitul,বায়তুল
Aman,আমান
Society,সোসাইটি
Matikata,মাটিকাটা
Palashi,পলাশী
Pirerbagh,পিরেরবাগ
Goran,গোড়ান
Lalbagh,লালবাগ
Kazipara,কাজীপাড়া
Shewrapara,শেওড়াপাড়া
Monipur,মনিপুর
Sher-E-Bangla,শের-ই-বাংলা
nagar,নগর
Chairmanbari,চেয়ারম্যানবাড়ি
Mohanagar,মোহনগর
Project,প্রকল্প
Senpara,সেনপাড়া
Parbatta,পার্বত্য
shyamoli,শ্যামলী
Dhanmondi,ধানমন্ডি
Mohakhali,মহাখালী
Wirelessgate,ওয়্যারলেসগেট
Farmgate,ফার্মগেট
Panthapath,পান্থপথ
Dhanmondi,ধানমন্ডি
Chowdhury,চৌধুরী 
Malibagh,মালিবাগ
Para,পাড়া
Mor,মোড়
Badda,বাড্ডা
Sutrapur,সূত্রাপুর
Aricha,আরিচা
Highway,হাইওয়ে
Rampura,রামপুরা
Pisciculture,পিসিকালচার
Shekhertek,শেখেরটেক
Shankar,শঙ্কর
Bus Stand,বাসস্ট্যান্ড
Jigatola,জিগাতলা
Wireless,ওয়্যারলেস
Fulbaria,ফুলবাড়িয়া
Kumartoli,কুমারতলি
Kumartoli,কুমারতলী
Hazipara,হাজিপাড়া
Tikatuli,টিকাটুলি
Ekuria,ইকুরিয়া
Paltan,পল্টন
Kachabazar,কাচাবাজার
Press Club,প্রেসক্লাব
Press,প্রেস
Club,ক্লাব
Shahid,শহীদ
Shahabuddin,শাহাবুদ্দিন
Uddyan,উদ্যান
Zia,জিয়া
Paikpara,পাইকপাড়া
Paik,পাইক
Baily,বেইলি
Mujahidnagar,মুজাহিদনগর
Nurbagh,নুরবাগ
Agargaon,আগারগাঁও
Agargaon,আগারগাও
Khilkhet,খিলক্ষেত
Stop,স্টপ
Namapara,নামাপাড়া
Nama para,নামাপারা
Shewrapara,শেওড়াপাড়া
bashundhara,বসুন্ধরা
Khamarbari,খামারবাড়ি
Shahjadpur,শাহজাদপুর
Nikunja,নিকুঞ্জ
Merul,মেরুল
Badda,বাড্ডা
Tejkuni,তেজকুনি
Gazipara,গাজিপাড়া
Chowdhury Para,চৌধুরীপাড়া
Mainartek,মইনারটেক
DIT,ডিআইটি
Noyatola,নয়াটোলা
Kunipara,কুনিপাড়া
Bou,বউ
Banasree,বনশ্রী
Tejgaon,তেজগাঁও
Tejgaon,তেজগাও
Babli,বাবলি
I/A,আই/এ
Nabisco,নাবিস্কো
Colony,কলোনি
Kalachadpur,কালাচাদপুর
Rupnagar,রূপনগর
Rupali,রূপালী
Rupali,রূপালি
C/A,সি/এ
stage,ষ্টেজ
State,ষ্টেট
Shial,শিয়াল
Aambagan,আমবাগান
Shialbari,শিয়ালবাড়ী
Market,মার্কেট
TB,টিবি
Gate,গেট
Tin,টিন
Shade,শেড
I/A,আই/এ
R/A,আর/এ
A/a,এ/এ
Kafrul,কাফরুল
Box,বক্স
Box nagar,বক্সনগর
Borobagh,বরবাগ
Borobagh,বড়বাগ
Borobazar,বড়বাজার
Monipur,মনিপুর
Barek,বারেক
Harirampur,হরিরামপুর
Purobi,পূরবী
Pallabi,পল্লবী
Arifabad,আরিফাবাদ
porbota,পরবোত
Kazipara,কাজিপাড়া
Priyangon,প্রিয়াঙ্গন
Kalshi,কালশী
Taltola,তালতলা
Solmaid,সল্মাইড
Basundhara,বসুন্ধরা
RA,আরএ
Ahmed,আহমেদ
Shah,শাহ
Ali,আলী
Bagh,বাগ
Kachukhet,কচুখেত
Kadamtali,কদমতলী
Ibrahimpur,ইব্রাহিমপুর
Palashnagar,পলাশনগর
Shangbadik,সাংবাদিক
Taltola,তালতোলা
Paikapara,পাইকপাড়া
Adabor,আদাবর
Ahmednagar,আহমেদনগর
Baridhara,বারিধারা
Rajanigandha,রজনীগন্ধা
Super,সুপার
North-East,উত্তর-পূর্ব
side,পাশ
Cantonment,সেনানিবাস
Cantonment,ক্যান্টনমেন্ট
Pulpar,পালপাড়
Ibrahimpur,ইব্রাহিমপুর
Kadamtala,কদমতলা
Shaymoli,শ্যমলি
Shaymoli,শ্যমলী
Khalpar,খালপাড়
Kallyanpur,কল্যাণপুর
Kallyanpur,কল্যানপুর
Popular,পপুলার
Janata,জনতা
Kathalbagan,কাঁঠালবাগান
Kathalbagan,কাঠালবাগান
Kaoran,কাওরান
Free,ফ্রি
School,স্কুল
Street,স্ট্রিট
Moghbazar,মগবাজার
Boro,বড়
Shajadpur,শাহজাদপুর
Khilbarirtek,খিলবারিটেক
Khilbarirtek,খিলবাড়িটেক
Lake,লেক
Circus,সার্কাস
Moghbazar,মগবাজার
Ramna,রমনা
Baily,বেইলি
Sabanoom,শবনম
Gazi,গাজী
Banglamotor,বাংলামটর
Banglamotor,বাংলামোটর
Chan,চান
Mia,মিয়া
Housing,হাউসিং
Housing,হাউজিং
Goran,গোরান
Railgate,রেলগেট
Pabna,পাবনা
Kalabagan,কলাবাগান
Gulbagh,গুলবাগ
Khilbarirtek,খিলবাড়িরটেক
Siddheshwari,সিদ্ধেশ্বরী
Sayednagar,সায়েদনগর
Sayednagar,সাইদনগর
Vatara,ভাটারা
banani,বনানী
Khandakar,খন্দকার
Latif,লতিফ
Uddin,উদ্দিন
Tilpapara,তিল্পাপাড়া
Kamlapur,কমলাপুর
Dhanmondi,ধানমন্ডি
Nurarchala,নুরারচালা
Tikkapara,টিক্কাপাড়া
Culvert,কালভার্ট
Mouchak,মৌচাক
Kholbarirtek,খোলবারিরটেক
Kholbarirtek,খোলবাড়িরটেক
Mohammadia,মোহাম্মদিয়া
Extension,এক্সটেনশন
kathal,কাঠাল
Kamalapur,কমলাপুর
Joinpuri,জৈনপুরী
Khanka,খানকা
Lake,লেক
View,ভিউ
Mugda,মুগদা
Anandadhara,আনন্দধারা
Parbatta,পার্বত্ত
Ghaus,গাউস
Gaus,গাউস
Amtoli,আমতলী
Gudaraghat,গুদারাঘাট
Abhay,অভয়
Das,দাস
New Eskaton,নিউ ইস্কাটন
Molla Para,মোল্লাপাড়া
Chamelibag,চামেলীবাগ
Pragati,প্রগতি
Rajabazar,রাজাবাজার
Noboday,নবোদয়
Shantibagh,শান্তিবাগ
Notun,নতুন
Pullpar,পুলপাড়
Sangkar,সংকর
Katashur,কাটাসুর
Sukrabad,শুক্রাবাদ
Nayabazar,নয়াবাজার
Z R,জেডআর
Nilkhet,নীলক্ষেত
Kataban,কাঁটাবন
Kataban,কাটাবন
Katashur,কাটাশুর
NamaBazar,নামাবাজার
Mohakhali,মহাখালী
Sarkar,সরকার
Uddyan,চাদ
Uddyan,উদ্যান
Nayanagar,নয়নগর
Sobhanbagh,সোবহানবাগ
Noboudoy,নবউদয়
Kaderabad,কাদেরবাদাবাদ
Satmasjid,সাতমসজিদ
Sonali,সোনালী
Nayanagar,নয়ানগর
Monipuripara,মনিপুরীপাড়া
Fakirapool,ফকিরাপুল
Zannat,জন্নাত
Jannatbagh,জান্নাতবাগ
Manikdi,মানিকদী
Momenbagh,মোমেনবাগ
Nobinagar Housing,নবীনগর
Matikata,মাটিকাটা
Dewan,দেওয়ান
Dewan Para,দেওয়ানপাড়া
Vasantek,ভাসানটেক
Vasantek,ভাষানটেক
Tonartek,টোনারটেক
Shahidbagh,শহীদবাগ
Dewanpara,দেওয়ানপাড়া
Chandrima,চন্দ্রিমা
Johuri,জোহুরী
Moholla,মহল্লা
Dhamalkot,ধামালকোট
Solmiad,সল্মিড
Manikdi,মানিকদি
Gonirtek,গনিরটেক
Nombortek,নম্বরটেক
Jagannathpur,জগন্নাথপুর
Pur,পুর
Nadda,নর্দা
Nadda,নরদা
Manikdi Bazar,মানিকদী বাজার
Bangla,বাংলা
Sher,শের
Mastertek,মাস্টারটেক
Balughat,বালুঘাট
Baruntek,বরুন্টেক
Barontek,বরুনটেক
Goltek,গলটেক
Baigertek,বাইজারটেক
Joar,জোয়ার
Shahara,শাহারা
Kuril,কুরিল
Ananda,আনন্দ
jheelpar,ঝিলপাড়
Madina,মদিনা
Sonakatra,সোনাকাতরা
Corner,কর্নার
Kuratoli,কুরাতলী
Kuratoli,কুড়াতলী
darussalam,দারুসালাম
Tejkuni,তেজকুনী
Nakhalpara,নাখালপাড়া
Green,গ্রিন
Arjotpara,আরজতপাড়া
Shaheenbagh,শাহীনবাগ
Rasulbagh,রসুলবাগ
Tejturibazar,তেজতুরিবাজার
Ajij,অজিজ
Tejturi,তেজতুরী
Peyarabagh,পেয়ারাবাগ
Greenway,গ্রিনওয়ে
Gabtola,গাবতলা
Noyatola,নয়াটোলা
Modhubagh,মধুবাগ
Mirbagh,মিরবাগ
Jafranbagh,জাফরানবাগ
Gulshan,গুলশান
Jafrabad,জাফরাবাদ
Science,বিজ্ঞান
Laboratory,ল্যাবরেটরি
Poribagh,পরিবাগ
Poribagh,পরীবাগ
Hatirpul,হাতিরপুল
Shankar,শংকর
Jamtola,জামতলা
Notunbagh,নতুনবাগ
Ansarbagh,আনসারবাগ
Meradia,মেরাদিয়া
Saherunbag,শাহেরুনবাগ
Sipahibag,সিপাহীবাগ
Moddhopara,মধ্যপাড়া
Moulvirtek,মৌলোভীরটেক
Kakrail,কাকরাইল
Bijoy,বিজয়
Shegunbagicha,সেগুনবাগিচা
Bijoynagar,বিজয়নগর
Paltan,পল্টন
Naya paltan,নয়াপল্টন
Madartek,মাদারটেক
Sharifbagh,শরীফাবাদ
Madartek,মাদারটেক
Sobujbagh,সবুজবাগ
Banasree,বনশ্রী
Jahurul,জহুরুল
Islam,ইসলাম
City,সিটি
East,পূর্ব
East,ইস্ট
West,পশ্চিম
West,ওয়েস্ট
South,সাউথ
South,দক্ষিণ
South,দক্ষিন
North,নর্থ
North,উত্তর
New,নিউ
Old,ওল্ড
Old,পুরান
A,একজন
Aadi,আদি
Aashirbaad,আশীর্বাদ
Abakash,অবকাশ
Abanti,অবন্তি
Abas,আবাস
Abash,আবাশ
Abashik,আবাসিক
Abashon,আবাসন
Abason,আবাশন
Abbas,আব্বাস
Abdul,আব্দুল
Abdulla,আবদুল্লাহ
Abdullah,আব্দুল্লাহ
Abedin,আবেদীন
Abida,আবিদা
Abir,আবির
Abode,গৃহ
Abrar,আবরার
Babla,বাবল
Songoti,সঙ্গতি
Achal,আঁচল
Achol,আচল
Address,ঠিকানা
Adil,আদিল
Aditi,অদিতি
Adore,পূজা করা
Adyan,আদিয়ান
sneho,স্নেহ
Afjal,আফজাল
Afnan,আফনাফ
Afroj,আফরোজ
Agency,এজেন্সী
Agomoni,আগমনী
Ahad,আহাদ
Ahmed,আহমেদ
Ahsan,আহসান
Ajad,আজাদ
Ajam,মনোয়ার
Ajij,আজিজ
Ajom,আজম
Akankha,আকাঙ্ক্ষা
AKAnto,আকন্ত
Akbar,আকবর
Akbor,আকবর
Akhtar,আখতার
Akhtarujjaman,আখতারুজ্জামান
Akhter,আখতার
Akkas,আক্কাস
Akon,একন
Akondo,আকন্দ
Aksa,আক্সা
Aksa,আকসা
Akter,আক্তার
Alam,আলম
Alamgir,আলমগীর
Alams,আলমস
Alauddin,আলাউদ্দিন
Aleena,আলিনা
Aleya,আলেয়া
Ali,আলী
Alif,আলিফের
Alim,আলীম
Alingon,আলিঙ্গন
Allah,আল্লাহ
Alliance,জোট
Alo,আলো
Ghritokumari,ঘৃতকুমারী
Aloi,আলই
Aloha,আলোহা
Alom,আলম
Alomgir,আলমগির
Alomgir,আলমগীর
Aloy,অজয়
Alpona,আলপনা
Altaf,আলতাফ
Aman,আমানত
Amanat,আমানত
Amber,অ্যাম্বার
Ameena,আমিনা
Amena,আমেনা
Amicus,অ্যামিকাস
Amin,আমিন
Amina,আমিনা
Amir,আমির
Amity,এমিটি
Amraboti,অমরাবতী
Anabil,অনাবিল
Anamika,অনামিকা
Ananda,আনন্দ
Ananna,অনন্য
Anannya,অনন্য
Anchorage,অ্যাঙ্কোরেজ
And,এবং
Angan,অঙ্গন
Angel,এঞ্জেল
Angelica,এঞ্জেলিকা
Angels,এঞ্জেলস
Angina,আঙ্গিনা
Anika,আনিকা
Anirban,অনির্বাণ
Anis,আনিস
Anjuman,আঞ্জুমান
Anondolok,আনন্দলোক
Anonna,অনন্য
Anowara,আনোয়ারা
Antora,অন্তরা
Anupom,অনুপম
Anwar,আনোয়ার
Anwara,আনোয়ারা
Aoal,আউয়াল
Aparajita,অপরাজিতা
Apartment,এপার্টমেন্ট
Apartments,এপার্টমেন্টস
Apon,আপন
Apurba,অপূর্ব
Ara,আরা
Aramic,এরামিক
Arbin,আরবিন
Arcade,আর্কেড
Arcadia,আর্কেডিয়া
Area,এরিয়া
Arefin,আরেফিন
Arena,এরিনা
Arif,আরিফ
Aristocracy,এরিস্টক্রেসী
Ariyan,আরিয়ান
Arju,আরজু
Ark,আর্ক
Arnob,অর্ণব
Aroma,এরমা
Aroni,অরণী
Arshi,আরশি
Artisan,
Arunima,অরুণিমা
Arzu,আরজু
Asad,আসাদ
Asadujjaman,আসাদুজ্জামান
Asaduzzaman,আসাদুজ্জামান
Ascot,আসকট
Asha,আশা
Ashiana,আশিয়ানা
Ashirbaad,Ashirbaad
Ashirbad,Ashirbad
Ashiyana,Ashiyana
Ashraf,আশরাফ
Ashroy,Ashroy
Ashura,আশুরার
Asiana,Asiana
Aslam,আসলাম
Asma,আসমা
Asoledo,Asoledo
Aspen,কস্পমান
Asroe,Asroe
Asroy,Asroy
Asset,অ্যাসেট
Associates,অ্যাসোসিয়েটস
Assurance,আশ্বাসন
Assure,নিশ্চিত করা
Atik,আতিক
Atlanta,আটলান্টা
Audree,Audree
Aurora,ঊষা
Available,সহজলভ্য
Avalon,এ Avalon
Avason,Avason
Avenue,প্রশস্ত রাজপথ
Avillash,Avillash
Awal,আউয়াল
AWR,AWR
Ayesha,আয়েশা
Ayon,অয়ন
Aysha,আয়েশা
Ayshaloy,Ayshaloy
Azad,আজাদ
Azam,আজম
Azim,আজিম
Aziz,আজিজ
Azure,নভোনীল
Baag,Baag
Baari,Baari
Babar,বাবর
Bablu,বাবলু
Babu,বাবু
Babul,বাবলা
Baby,বাচ্চা
Bacchu,বাচ্চু
Bachir,Bachir
Badhan,বাধন
Badhon,বাঁধন
House,বাসা
House,হাউস
House,হাউজ
Plot,প্লট
House,বাড়ি
House,বাড়ী
House,হোল্ডিং
Badol,বাদল
Bagan,বাগান
Bagh,বাগ
Bahar,বাহার
Baki,বাকী
Bakul,বকুল
Balaka,বলাকা
Ballerina,নর্তকী
Balliya,Balliya
Banalata,Banalata
Banalota,Banalota
Banani,বনানী
Banasri,বনশ্রী
Bandhan,বন্ধন
Bandhon,Bandhon
Bangla,বাংলা
Bangladesh,বাংলাদেশ
Banoful,Banoful
Banu,বানু
Barek,বারেক
Barikoi,বাড়িকই
Barikoi,বারিকই
Bareq,Bareq
Bari,বারী
Barnali,Barnali
Baroi,Baroi
Baruntek,Baruntek
Basa,বান্টু ভাষা
Basar,বাসার
Based,ভিত্তি করে
Baset,বাসেত
Bashabo,বাসাবো
Bashar,বাশার
Bashundhara,বসুন্ধরা
Batayan,Batayan
Batayon,Batayon
Baten,বাতেন
Bay,উপসাগর
Bazar,বাজার
Beaumonte,Beaumonte
Beauty,সৌন্দর্য
Beg,প্রার্থনা করা
Begum,বেগম
Bela,বেলার
Beli,Beli
Bell,ঘণ্টা
Belmont,: Belmont
Bepari,বেপারী
Bepary,Bepary
Bhaban,ভবন
Bhabhan,Bhabhan
Bhabon,Bhabon
Bhandar,ভাণ্ডার
Bhandari,ভান্ডারি
Bhavan,ভবন
Bhubon,Bhubon
Bhuiya,ভূঁইয়া
Bhuiyan,ভূঁইয়া
Bibi,বিবির
Bihongo,Bihongo
Bijoy,বিজয়
Bilas,বিলাস
Bilash,Bilash
Bilkis,বিলকিস
Billa,বিল্লা
Billah,বিল্লাহ
Bindu,বিন্দু
Bipasha,বিপাশা
Biroti,Biroti
Bismillah,বিসমিল্লাহ
Bissas,Bissas
Biswas,বিশ্বাস
Bitan,বিতান
Bithi,Bithi
Bithika,Bithika
Blessing,বর
Blessings,দোয়া
Bliss,সুখ
Bloom,পুষ্প
Blossom,পুষ্প
Blossoms,blossoms
Bluebell,নীল অপরাজিতা
Blues,ব্লুজ
Boarding,বোর্ডিং
Bodiujjaman,Bodiujjaman
Bodrujjaman,Bodrujjaman
Bodrunnesa,Bodrunnesa
Boishakhi,বৈশাখী
Boishaki,Boishaki
Bokhs,Bokhs
Bokor,বকর
Bokul,বকুল
Bonanto,Bonanto
Bonchaya,Bonchaya
Bondhon,Bondhon থেকে
Bonoful,Bonoful
Bonolota,বনলতা
Bornali,Bornali
Borobagh,Borobagh
Borshon,Borshon
Boshumoti,Boshumoti
Bosoti,Bosoti
Bosti,Bosti
Bougainvillea,কাগজফুলের গাছ
Box,বক্স
BPL,বিপিএল
Breeze,মৃদুমন্দ বাতাস
Bridge,সেতু
Brikkho,Brikkho
Bristy,বৃষ্টি
Britannia,গ্রেট্ ব্রিেনের কল্পিত মূর্তরূপ
BTI,বিটিআই'র
Bud,কুঁড়ি
Builders,বিল্ডার্স
Building,ভবন
Bulbul,বুল্বুল
C,সি
Camelia,Camelia
Camellia,ক্যামেলিয়া
Camp,শিবির
Candlewood,Candlewood
Canopy,শামিয়ানা
Care,যত্ন
Carnation,গোলাপী পাতলবর্ণ
Carnival,ভ্রাম্যমাণ আনন্দমেলা
Casabella,Casabella
Casaflora,Casaflora
Cascade,নির্ঝর
Castle,দুর্গ
Celosia,Celosia
Center,কেন্দ্র
Centre,কেন্দ্র
Century,শতাব্দী
Chairmanbari,চেয়ারম্যানবাড়ি
Chaklader,চাকলাদার
Chalet,কাষ্ঠনির্মিত কুটীর
Chamber,কক্ষ
Chambers,বিচারালয়
Chameli,Chameli
Chan,চ্যান
Chanaullah,Chanaullah
Chandramollika,Chandramollika
Chandrima,চন্দ্রিমা
Chapa,Chapa
Chateau,অট্টালিকা
Chatrabas,Chatrabas
Chatrabash,Chatrabash
Chaya,ছায়া
Chayabithi,Chayabithi
Chayabrikkho,Chayabrikkho
Chayaneer,Chayaneer
Chayanir,Chayanir
Chayapallab,Chayapallab
Cherry,চেরি
Chhaya,ছায়া
Chicory,চিকোরি
Chirontoni,Chirontoni
Chisti,চিশতি
Chitra,চিত্রা
Chobi,Chobi থেকে
Choi,চোই
Choitali,Choitali
Chokdar,Chokdar
Chondrika,Chondrika
Chondrima,Chondrima
Chor,চর
Choudhury,চৌধুরী
Chowa,Chowa
Chowdhuri,চৌধুরী
Chowdhury,চৌধুরী
Choynika,Choynika
Chura,Chura
Circle,বৃত্ত
Circus,সার্কাস
Citadel,দুর্গ
City,শহর
Classic,সর্বোত্তম
Clinic,ক্লিনিক
Cloud,মেঘ
Club,ক্লাব
Collection,সংগ্রহ
College,কলেজ
Colony,উপনিবেশ
Comfort,সান্ত্বনা
Company,প্রতিষ্ঠান
Completed,সম্পন্ন
Complex,জটিল
Concord,অন্বয়
Condominium,দুই সার্বভৌম সরকারের যুগ্ম শাসন
Conostruction,Conostruction
Construction,নির্মাণ
Contessa,Contessa
Core,মূল
Corner,কোণ
Corporation,নিগম
Correlle,Correlle
Cosmetics,অঙ্গরাগ
Cosmo,কসমো
Cottage,কুটির
Court,আদালত
Crescent,অর্ধচন্দ্রাকার
Crest,ঝুঁটি
Crib,ডাবা
Crown,মুকুট
Crus,চকচকে
Crystal,স্ফটিক
Cynthia,সিনথিয়া
Daffodil,হলদে
Dahlia,পুষ্পবৃক্ষ
Daisy,ফ্ুলপাছ
Dakkhina,Dakkhina
Dale,উপত্যকা
Dali,দলি
Dalia,ডালিয়ার
Dan,দেনিযেল
Daruchini,দারুচিনি
Darussalam,দারুসালাম
Das,দাস
Daulat,দৌলত
Debonair,সুদর্শনতা
Deholi,Deholi
Delight,আমোদ
Dell,উপত্যকা
Den,গুহা
Desire,ইচ্ছা
Destiny,নিয়তি
Developers,ডেভেলপারগণ
Development,উন্নয়ন
Devine,স্বর্গীয়
Dew,শিশির
Dewan,দেওয়ান
Dewdrop,শিশিরবিন্দু
Dhaka,ঢাকা
Dhali,ঢালী
Dhamalkot,Dhamalkot
Dhanmondi,ধানমন্ডি
Dhanshiri,ধানসিড়ি
Dhansiri,Dhansiri
Dhara,ধারা
Dhorola,Dhorola
Dhrubo,ধ্রুব
Dhrubotara,Dhrubotara
Dhupchaya,Dhupchaya
Diamond,হীরা
Diganta,দিগন্ত
Diganto,Diganto
Dighonto,Dighonto
Digonto,Digonto
Dilara,দিলারা
Dilruba,দিলরুবা
Dilu,দিলু
Din,তালা লাগান
Dip,চোবান
Dipti,দীপ্তি
Dipu,দীপু
Disha,দিশা
Dishari,দিশারী
Dishary,Dishary
Doa,দো'আ
Dolipara,Dolipara
Dolonchapa,Dolonchapa
Domain,ডোমেইন
Domicile,বাসস্থান
Domino,পৌর ক্রীড়াবিশেষ
Door,দরজা
Dora,"Dora,"
Dream,ড্রীম
Dreamland,স্বপ্নরাজ্য
Dreams,ড্রিমস
Dream,ড্রিম
Drop,ড্রপ
Drops,ড্রপ
Dulal,দুলাল
Duniya,দুনিয়া
Dynasty,রাজবংশ
E,ই
Eastern,পূর্ব
Ecstasy,পরমানন্দ
Eden,স্বর্গ
Edifice,প্রাসাদ
EHL,EHL
Ehsan,এহসান
Elahi,এলাহী
Electronic,বৈদ্যুতিক
Electronics,ইলেক্ট্রনিক্স
Elegance,কমনীয়তা
Elias,ইলিয়াস
Elite,অভিজাত
Emerald,পান্না
Eminence,সহত্ত্ব
Emon,ইমন
Empire,সাম্রাজ্য
Empori,Empori
Ena,এনা
Enterprise,উদ্যোগ
Enterprises,উদ্যোগ
Epl,ইপিএল
Ershad,এরশাদ
Esha,এশা
Esperanza,এস্পারেন্জা
Espirit,Espirit
Estate,স্টেট
Etimkhana,Etimkhana
Eudora,ইউডোরা
Euphoria,রমরমা
Eva,ইভা
Evergreen,চিরহরিৎ
Evershine,Evershine
Fabrics,কাপড়
Fair,ন্যায্য
Fakirbari,Fakirbari
Falcon,বাজপাখি
Falgun,ফাল্গুন
Falguni,ফাল্গুনী
Farhan,ফারহান
Farhana,ফারহানা
Faruk,ফারুক
Faruque,ফারুক
Fashion,ফ্যাশন
Fatema,ফাতেমা
Fatima,ফাতিমা
Fattah,ফাত্তাহ
Fazal,ফজল
Ferdous,ফেরদৌস
Field,ক্ষেত্র
Firoz,ফিরোজ
Flora,উদ্ভিদকুল
Florenza,Florenza
Flower,ফুল
Flowers,ফুল
Fojilatunnesa,Fojilatunnesa
Fokir,ফকির
Forid,FORID
Fortuna,ফরচুনা
Fortune,ভাগ্য
Foundation,ভিত্তি
Foyez,ফয়েজ
Front,সদর
Gaffar,গাফ্ফার
Gafur,গফুর
Gaji,Gaji
Galaxy,আকাশগঙ্গা
GALLERIA,Galleria
Gandha,Gandha
Gani,গণি
Garage,গ্যারেজ
Garden,বাগান
Gardenia,গন্ধরাজ ফুল
Gate,গেট
Gazi,গাজী
General,সাধারণ
Gents,পুরুষদের
Ghar,ঘর
Ghor,ঘোর
Ghosh,ঘোষ
GK,জিকে
Glory,গরিমা
Godhuli,গোধূলীর
Godhuly,Godhuly
Gofran,Gofran
Gofur,গফুর
Gojnobi,Gojnobi
Golam,গোলাম
Golap,গোলাপ
Gold,স্বর্ণ
Goli,গোলী
Golpo,গল্প
Gomej,Gomej
Gomes,গোমেজ
Gondha,Gondha
Gong,ঘণ্টা
Goni,গণি
Gp,জিপি
Grace,অনুগ্রহ
Graden,Graden
Grance,Grance
Grand,মহান
Grande,গ্র্যান্ডে
Green,সবুজ
Group,গ্রুপ
Grove,উপবন
Gulbagh,Gulbagh
Gulshan,গুলশান
Gunjon,Gunjon
H,এইচ
Habib,হাবিব
Habibullah,হাবিবুল্লাহ
Habibur,হাবিবুর
Hafej,হাফেজ
Hafij,হাফিজের
Hafiz,হাফিজ
Hai,হ্যায়
Haider,হায়দার
Hajera,হাজেরা
Hakim,হেকিম
Halim,হালিম
Halima,হালিমা
Hall,হল
Hamd,হাম্দ
Hamid,হামিদ
Hamida,হামিদা
Hamlet,পল্লী
Hanan,হানান
Hanif,হানিফ
Hannan,হান্নান
Haolader,হাওলাদার
Haowlader,Haowlader
Haq,হক
Haque,হক
Harbour,আশ্রয়
Hardware,হার্ডওয়্যারের
Haritage,Haritage
Harmony,"সাদৃশ্য, সঙ্গতি, ঐকতান, মিল, একতান"
Harun,হারুন
Hasan,হাসান
Hasanuzzaman,হাসানুজ্জামান
Hasem,হাশেম
Hashem,হাশেম
Hashi,হাসি
Hasina,হাসিনা
Hasnahena,Hasnahena
Hassan,হাসান
Hawa,হাওয়া
Hawlader,হাওলাদার
Hayat,হায়াত
Hazi,হাজী
Heart,হৃদয়
Heaven,স্বর্গ
HeAvenuen,HeAvenuen
Heem,Heem
Height,উচ্চতা
Heights,হাইটস
Helal,হেলাল
Helen,হেলেন
Helena,হেলেনা
Hena,হেনা
Heritage,ঐতিহ্য
Hights,Hights
Hill,পাহাড়
Hiron,হিরণ
Holding,ধারণ
Holdings,হোল্ডিংস
Home,বাড়ি
Homeland,স্বদেশ
Homes,হোম
Hoq,হক
Hoque,হক
Horizon,দিগন্ত
Hosain,হোসেন
Hosen,হোসেন
Hosna,Hosna
Hossain,হোসেন
Hossen,হোসেন
Hostel,ছাত্রাবাস
Hotel,হোটেল
House,গৃহ
HouseKathaltola,HouseKathaltola
HOUSEs,ঘর
Housing,হাউজিং
Huda,হুদা
Humaira,হুমায়রা
Humayun,হুমায়ুন
Husna,Husna
Hussain,হুসেন
Hut,কুটির
Ibrahim,ইব্রাহিম
Ibrahimpur,ইব্রাহীমপুর
Idris,ইদ্রিস
Ilahi,ইলাহি
Imam,এমাম
Iman,ইমান
Imperial,সার্বভৌম
Imran,ইমরান
Index,"সূচক, সূচিপত্র"
Inn,সরাইখানা
Inno,INNO
Insaf,ইনসাফ
International,আন্তর্জাতিক
Iqbal,ইকবাল
Ishak,ইসহাক
Islam,ইসলাম
Island,দ্বীপ
Ismail,ইসমাইল
Israfil,ইসরাফিল
Jabbar,জব্বার
Jahan,জাহান
Jahanara,জাহানারা
Jahangir,জাহাঙ্গীর
Jalil,জলিল
Jamal,জামাল
Jaman,জামান
Janani,জননী
Jannah,জান্নাতে
Jannat,জান্নাত
Janoni,Janoni
Jasmine,জুঁই
Jebunnesa,Jebunnesa
Jerin,Jerin
Jesmin,জেসমিন
Jesmine,জেসমিন
Jewel,মণি
Jewellers,গহনা
Jhinuk,Jhinuk
Jhorna,ঝর্না
Jhornadhara,Jhornadhara
Jhuri,Jhuri
Joba,জবা
Johra,জোহরা
Joinal,জয়নাল
Jolil,জলিল
Jononi,জননী
Joshna,Joshna
Josim,Josim
Josna,Josna
Joti,Joti
Joy,আনন্দ
Jui,জুই
Julekha,জুলেখা
KA,কা
Kabir,কবির
Kader,কাদের
Kadir,কাদির
Kafrul,কাফরুল
Kaiyum,কাইয়ুম
Kajoli,Kajoli
Kakoli,কাকলি
Kalabagan,কলাবাগান
Kalachandpur,Kalachandpur
Kalam,কালাম
Kamal,কামাল
Kamini,কামিনী
Kamol,কমল
Kamrujjaman,Kamrujjaman
Kamrul,কামরুল
Kamrunnahar,কামরুন নাহার
Kamrunnesa,Kamrunnesa
Kanakchapa,Kanakchapa
Kanchan,কাঞ্চন
Kanchon,কাঞ্চন
Kaniz,কানিজ
Kannan,Kannan
Kanon,কানন
Kaosar,Kaosar
Karabi,রক্তকরবী
Karim,করিম
Kashem,কাশেমের
Kashful,Kashful
Kashfull,Kashfull
Katha,কাঠা
Kathaltola,Kathaltola
Kayes,কায়েস
Kayum,কাইয়ুম
Kazi,কাজী
Kazipara,কাজীপাড়া
Kendro,কেন্দ্রের
Keya,কেয়া
KHA,খ
Khairuzzaman,খায়রুজ্জামান
Khaled,খালেদ
Khalek,খালেক
Khaleq,খালেক
Khalid,খালিদ
Khalil,খলিল
Khan,খান
Khana,খনার
Khanam,খানম
Khandakar,খন্দকার
Khanik,Khanik
Khanika,Khanika
Khanikaloe,Khanikaloe
Khanikaloi,Khanikaloi
Khanikaloy,Khanikaloy
Khanom,খানম
Khatun,খাতুন
Khayer,খায়ের
Kheya,কাব্যগ্রন্থ খেয়া
Khilbaritek,Khilbaritek
Khokon,খোকন
Khondoker,খন্দকার
Khonik,Khonik
Khonika,Khonika
Khonikaloi,Khonikaloi
Khonikaloy,Khonikaloy
Khonikasroy,Khonikasroy
Khonokal,Khonokal
Khorshed,খোরশেদ
Khusbu,Khusbu
Khushbu,Khushbu
Khushi,খুশির
Kibria,কিবরিয়া
Kibriya,Kibriya
Kichukhon,Kichukhon
Kichukkhon,Kichukkhon
Kingdom,রাজ্য
Kingshuk,কিংশুক
Kismat,কিসমত
Kisukhon,Kisukhon
Kisukkhon,Kisukkhon
Kohinoor,কোহিনূর
Kohinur,কোহিনুর
Kol,কোল
Koli,কলি
Kollol,Kollol
Kolmilota,Kolmilota
Kolpotoru,Kolpotoru
Komol,কমল
Kona,কনা
Konika,কনিকা
Konna,Konna
Koonja,Koonja
Kopotakkho,Kopotakkho
Korim,Korim
Korobi,Korobi
Kotes,Kotes
Kotha,কথা
kotir,kotir
Kounik,Kounik
Krishnachura,Krishnachura
Kuddus,কুদ্দুস
Kulsum,কুলসুম
Kunj,Kunj
Kunja,কুঞ্জ
Kunjo,Kunjo
Kushiara,কুশিয়ারা
Kuthi,কুঠি
Kuthir,Kuthir
Kutir,কুটির
Kuttir,Kuttir
Labelia,Labelia
Laboni,লাবনী
Labonno,Labonno
Laila,লায়লার
Lake,হ্রদ
Land,জমি
Landing,অবতরণ
Landmark,ল্যান্ডমার্ক
Land,ল্যান্ড
Goli,গলি
Latif,লতিফ
Latifa,লতিফা
Lavender,ল্যাভেন্ডার
Leaf,গাছের পাতা
Legacy,উত্তরাধিকার
Legend,কিংবদন্তি
Liberty,স্বাধীনতা
Light,আলো
Lili,ছাড়া লিলি
Lily,কমল
Limited,সীমিত
Lina,লিনা
Line,লাইন
Lipi,লিপি
Liton,লিটন
Living,জীবিত
Lobelia,Lobelia
Lodge,বীবর
Lokman,লোকমান
Loskor,Loskor
Lota,লোটা
Lotas,Lotas
Lotif,Lotif
Lotus,পদ্ম
Lounge,লাউঞ্জ
Lovely,সুদৃশ্য
Loy,লয়
Loze,Loze
Ltd,LTD হল Limited
Lubdhok,Lubdhok
Lucky,লাকি
Lulu,লুলু
Lumiere,Lumiere
Luminous,ভাস্বর
Luna,লুনা
Lutfa,লুৎফা
Lutfunnesa,Lutfunnesa
Ma,মা
Maa,মা
Madbor,Madbor
Madhobi,Madhobi
Madhobilota,Madhobilota
Magnolia,একপ্রকার ফুলের গাছ
Mahajon,Mahajon
Mahal,কেতন
Mahbub,মাহবুব
Mahfuja,Mahfuja
Mahi,মাহি
Mahmud,মাহমুদ
Mahmuda,মাহমুদা
Mahol,Mahol
Mahtab,মাহতাব
Maison,Maison
Majed,মাজেদ
Majesty,মহিমা
Maji,মাজি
Majid,মজিদ
Malancha,মালঞ্চ
Malek,মালেক
Malik,মালিক
Mallika,মল্লিকা
Malobika,Malobika
Maloncha,Maloncha
Maloncho,Maloncho
Maloti,Maloti
Mamun,মামুন
Manha,Manha
Manik,মানিক
Manjhil,Manjhil
Manjil,মঞ্জিল
Manjile,Manjile
Mannan,মান্নান
Mannat,Mannat
Manor,জমিদারি
Manoshi,Manoshi
Manshion,Manshion
Mansion,সুবৃহৎ অট্টালিকা
Mansions,ম্যানশনে
Mansoor,মনসুর
Manzil,মঞ্জিল
Maple,বৃক্ষবিশেষ
Maria,মারিয়া
Mariam,মারিয়াম
Marigold,গাঁদা ফুল
Marjan,Marjan
Mark,মার্ক
Market,বাজার
Mart,হাট
Mashallah,মাশাল্লাহ
Masjid,মসজিদ
Master,মনিব
Masud,মাসুদ
Masum,মাসুম
Matabbor,Matabbor
Matbor,Matbor
Math,ম্যাথ
Matin,প্রভাতসঙ্গীত
Matrichaya,Matrichaya
Matrika,Matrika
Matrikanon,Matrikanon
Matrikuthi,Matrikuthi
Mawla,মাওলা
Maya,মায়া
Mayabon,Mayabon
Mayakunjo,Mayakunjo
Mayfair,"Mayfair,"
Mazid,মজিদ
Megh,মেঘ
Meghaloy,রবল
Meghmala,Meghmala
Meghna,মেঘনা
Meherunnesa,মেহেরুন্নেসা
metropolitan,মেট্রোপলিটন
Melody,সুর
Memory,স্মৃতি
Menshion,Menshion
Mension,Mension
Mention,উল্লেখ
Merry,সুচেতা
Mia,মিয়া
Miah,মিয়া
Miji,Miji
Milon,মিলন
Mim,মীম
Minara,মিনারা
Mintu,মিন্টু
Mir,মীর
Mirja,মির্জা
Mirpur,মিরপুর
Mirza,মির্জা
Misha,মিশা
Mission,মিশন
Mist,কুয়াশা
Mita,মিতা
Mitali,মিতালী
Mithu,মিঠু
Miya,মিয়া
Mizan,মিজান
Mobin,মবিন
Modhumoti,মধুমতি
Modhurima,Modhurima
Moghbazar,মগবাজারের
Mohal,Mohal
Mohammad,মোহাম্মদ
Mohanonda,Mohanonda
Mohiuddin,মহিউদ্দিন
Mohol,Mohol
Mohona,মোহনা
Mohosin,Mohosin
Mohsinuzzaman,Mohsinuzzaman
Mohua,মহুয়া
Moinuddin,মঈনুদ্দিন
Moitri,মৈত্রী
Mojid,মজিদ
Mojumdar,মজুমদার
Mojumder,মজুমদার
Mokbul,মকবুল
Molla,মোল্লা
Mollah,মোল্লা
Mollik,মল্লিক
Mollika,মল্লিকা
Momen,মোমেন
Momin,মোমিন
Momo,মম
Momota,মমতা
Momotaz,Momotaz
Momtaj,মমতাজ
Momtaz,মমতাজ
Monami,Monami
Monarch,রাজা
Mondol,মন্ডল
Moni,মনি
Monihar,Monihar
Monika,মনিকা
Monipur,মনিপুর
Monir,মনির
Monirujjaman,মনিরুজ্জামান
Moniruzzaman,মনিরুজ্জামান
Monisha,Monisha
Monjhil,Monjhil
Monjil,Monjil
Monjori,Monjori
Monju,মঞ্জু
Monjuri,Monjuri
Monorom,Monorom
Monowar,মনোয়ার
Monowara,মনোয়ারা
Monsur,মনসুর
Monzil,Monzil
Monzile,Monzile
Moon,চন্দ্র
Moonlit,চাঁদনী
Moonrise,চন্দ্রোদয়
Mor,মোর
Morol,মোড়ল
Morshed,মোর্শেদ
Mortuja,Mortuja
Mosharof,মোশাররফ
Mosharraf,মোশাররফ
Moslem,মুসলমানি
Mostofa,মোস্তফা
Mot,সংক্ষিপ্ত বচন
Motaleb,মোতালেব
Motalib,Motalib
Moti,মতি
Motin,মতিন
Motors,মটরস
Mou,মৌ
Mouri,Mouri
Moushumi,মৌসুমী
Mousumi,মৌসুমী
Moyna,ময়না
Moynamoti,Moynamoti
Moyuri,Moyuri
Mridha,মৃধা
Muhit,মুহিত
Muhiuddin,মহীউদ্দীন
Mujib,মুজিব
Mukhi,Mukhi
Mukta,মুক্তা
Muktangon,মুক্তাঙ্গন
Mukul,মুকুল
Mum,নীরব
Munshi,মুন্সী
Munshibari,Munshibari
Munsi,মুন্সির
Murad,মুরাদ
Musa,মুসা
Musafir,মুসাফির
Muskan,Muskan
Muslim,মুসলিম
Mustafa,মুস্তাফা
Mutalib,Mutalib
Na,নার
Nabi,নবীর
Nabila,নাবিলা
Nafi,নাফি
Nagar,নগর
Nahar,নাহার
Nahid,নাহিদ
Naim,নাঈম
Najnin,Najnin
Namira,Namira
Nandan,নন্দন
Nandini,নন্দিনী
Nanggor,Nanggor
Nannu,নান্নু
Nargis,নার্গিস
Narayanganj,নারায়ণগঞ্জ
Naser,নাসের
Nasim,নাসিম
Nasima,নাসিমা
Nasir,নাসির
Nasrin,নাসরিন
Navana,নাভানা
Nawab,নওয়াব
Nawars,Nawars
Naz,নাজ
Nazimuddin,নাজিমউদ্দিন
Necha,Necha
Neela,নিলা
Neelachal,Neelachal
Neer,নীড়
Nesa,নেছা
Nessa,নেসা
Nest,নীড়
Newaj,Newaj
NHD,NHD
Niamot,Niamot
Nibas,Nibas
Nibash,নিবাস
Nibashh,Nibashh
Nidraloy,Nidraloy
Niharika,নীহারিকা
Nijam,নিজাম
Nijhum,নিঝুম
Niketan,নিকেতনের
Niketon,নিকেতন
Nikunja,নিকুঞ্জ
Nikunjo,নিকুঞ্জ
Nila,নিলা
Nilachal,নীলাচল
Nilachol,Nilachol
Nilakash,Nilakash
Nilanjana,নীলাঞ্জনা
Nilanjona,Nilanjona
Nileema,Nileema
Nilima,নীলিমা
Nilkunjo,Nilkunjo
Nilotpol,Nilotpol
Niloy,নিলয়
Nilufar,নিলুফার
Nir,Nir
Nirala,নিরালা
Nirbana,Nirbana
Niribili,নিরিবিলি
Nirjhar,নির্ঝর
Nirjhor,Nirjhor
Nirupoma,Nirupoma থেকে
Nirvana,নির্বাণ
Nishi,নিশি
Nishorgo,Nishorgo
Nisshorgo,Nisshorgo
Nivriti,Nivriti
Nobi,নবী
Nogor,Nogor
Noianagor,Noianagor
Nongor,Nongor
Nook,ফাটল
Noor,নূর
Noorjahan,নূরজাহান
Nova,নোভা
Novonil,Novonil
Noyon,নয়ন
Nupur,নুপুর
Nur,নূর
Nuraloi,Nuraloi
Nurjahan,নূরজাহান
Nuruzzaman,নুরুজ্জামান
Oasis,মরুদ্যান
Obaidullah,ওবায়দুল্লাহ
Obokash,Obokash
Obosheshe,Obosheshe
Obosor,Obosor
Ocean,মহাসাগর
Odikari,Odikari
Office,দপ্তর
Ohab,Ohab
Oiktan,Oiktan
Oleander,করবী
Oliullah,Oliullah
Oliva,অলিভা
Oliviera,Oliviera
Omi,অমি
Onamika,Onamika
One,এক
Ongon,Ongon
Ononna,Ononna
Ontora,Ontora
Ontorongo,Ontorongo
Onupom,Onupom
Opekkha,Opekkha থেকে
Oporajita,Oporajita থেকে
Oporjita,Oporjita
Oppo,স্যাঙাত
Optics,অপটিক্স
Orchard,ফলের বাগান
Orchestra,অর্কেস্ট্রা
Orchi,Orchi
Orchid,রাস্না
Orlando,অরল্যান্ডো
Ornate,অলঙ্কৃত
Orunima,Orunima
Osman,ওসমান
Otithi,Otithi
Ovillash,Ovillash
Package,প্যাকেজ
Padma,পদ্মা
Pakhi,Pakhi থেকে
Palace,প্রাসাদ
Pallabi,পল্লবী
Panaroma,Panaroma
Pankori,Pankori
Pankouri,Pankouri
Panna,পান্না
Panthonir,Panthonir
Panthoshala,Panthoshala
pappu,পাপ্পু
Par,সমাবস্থা
Para,পাড়া
Parabar,Parabar
Paradise,নন্দনকানন
Paragon,সম্পূর্ণতার আদর্শ
Paribar,পরিবার
Parijat,Parijat
Park,পার্ক
Parthib,Parthib
Parts,পার্টস
Parveen,পারভীন
Parvej,Parvej
Parvin,পারভিন
Pasha,তুরস্কদেশীয় রাজপ্রতিনিধি
Patio,বহিঃপ্রাঙ্গণ
Patowary,Patowary
Patwary,পাটোয়ারী
Patwoary,Patwoary
Peace,শান্তি
Pearl,মুক্তা
Pentagon,পঁচকোণ
Phone,ফোন
Pillars,স্তম্ভ
Place,জায়গা
Placid,প্রশান্ত
Placida,Placida কিছু
Platinum,প্ল্যাটিনাম
Plaza,চক
Plot,পটভূমি
Plus,যোগ
Poddo,পদ্ম
Pohelika,Pohelika
Point,বিন্দু
Polash,পলাশ
Polli,পল্লী
Ponchoboti,Ponchoboti
Popular,জনপ্রিয়
Porimol,Porimol
Poroma,Poroma
Porosh,Porosh
Porshi,পড়শী
Pothik,Pothik
Pragati,প্রগতি
Prangan,Prangan
Prangon,Prangon
Prantik,প্রান্তিক
Prantika,Prantika
Prasad,প্রসাদ
Prestige,প্রতিপত্তি
Priangon,Priangon
Pride,গর্ব
Prime,প্রধান
Prince,রাজপুত্র
Priyangon,Priyangon
Probaho,প্রবাহ
Probash,Probash
Probashi,প্রবাসী
Prochchaya,Prochchaya
Prochesta,Prochesta
Prodhan,প্রধান
Prodigo,Prodigo
Prodip,প্রদীপ
Prokolpo,Prokolpo
Properties,প্রোপার্টি
Proshanti,Proshanti
Prosun,Prosun
Prothoma,প্রথমা
Protik,প্রতীক
Protikkha,Protikkha
Protiti,Protiti
Prottasa,Prottasa
Prottasha,Prottasha
Prottoy,প্রত্যয়
Prova,প্রভা
Provati,প্রভাতী
Proyas,Proyas
Puna,Puna
Purbasha,Purbasha
Puri,পুরীর
Purnima,পূর্ণিমা
Purobi,পূরবী
Puspa,Puspa থেকে
Quarter,সিকি
Quarters,কোয়ার্টারের
Quater,চতু
Queen,রাণী
R,আর
Rabbani,রব্বানি
Rabbi,ইহুদি আইনজ্ঞ
Rabeya,রাবেয়া
Radiance,ভা
Radiant,প্রভাশালী
Radisson,রেডিসন
Rafi,রাফি
Rafik,রফিক
Rafiq,রফিক
Rahaman,রহমান
Rahim,রহিম
Rahima,রহিমা
Rahmaan,রাহমান
Rahman,রহমান
Rahmat,রহমত
Rai,রাই
Raihan,রায়হান
Rain,বৃষ্টি
Rainbow,রামধনু
Raisa,রাইসা
Raiyan,রাইয়ান
Raja,রাজা
Rajabazar,রাজাবাজার
Rajanigandha,রজনীগন্ধা
Rajanigondha,Rajanigondha
Rajib,রাজীব
Rajjak,Rajjak
Rana,রানা
Randhanu,Randhanu
Rangdhanu,Rangdhanu
Rangdhonu,Rangdhonu
Rangon,Rangon
Rani,রানী
Raoshon,Raoshon
Rasel,রাসেল
Rashed,রাশেদ
Rashid,রশিদ
Rasul,রসুল
Razia,রাজিয়ার
Razzak,রাজ্জাক
Regency,রিজেন্সি
Rehana,রেহানা
Rekha,রেখা
Renu,রেনু
Renuka,রেনুকা
Residence,বাসস্থান
Residences,বাসস্থানের
Resident,বাসিন্দা
Residential,রেসিডেন্সিয়াল
Resort,অবলম্বন
Retreat,পশ্চাদপসরণ
Reza,রেজা
Rezia,রেজিয়া
Rhyme,মিত্রাক্ষর কবিতা
Rhythm,তাল
Richmond,রিচমন্ড
Ridge,শৈলশিরা
Ridoy,Ridoy
Rinaloy,Rinaloy
Ripon,রিপন
Rise,ওঠা
Rishta,রিশ্তা
Riviera,ইটালির ভূমধ্যসাগরীয় তটভূমি অঞ্চল
Road,রাস্তা
Road,রোড
Rob,হরণ করা
Robin,পক্ষীবিশেষ
Robiul,রবিউল
Rodella,উর্মি
Rohim,Rohim
Roj,Roj
Roja,রোজা
Rojonigondha,Rojonigondha
Rokeya,রোকেয়া
Rokon,রোকন
Roktim,Roktim
Rongon,Rongon
Rosa,রোসা
Rose,রোজ
Rosedale,জন্য Rosedale
Rosemary,রোজমেরি
Rosemont,Rosemont
Roses,গোলাপী রঙ
Roshid,রশিদ
Roshni,রোশনি
Rosita,rosita
Rosul,Rosul
Rosy,গোলাপী
Roton,Roton
Rouf,রউফ
Rowshan,রওশন
Royale,লুই
Rubaiyat,রুবাইয়াত
Rubina,রুবিনা
Ruby,চুনি
Ruchira,Ruchira
Rumi,রুমি
Rupayan,রূপায়ন
Rupkatha,Rupkatha
Rupkotha,রুপকথা
Rupnagar,রূপনগর
Sabera,সাবেরা
Sadan,সদন
Sadek,সাদেক
Sagor,সাগর
Sagorika,Sagorika
Sahabuddin,সাহাবুদ্দিন
Sahana,সাহানা
Saheb,সাহেব
Sahera,Sahera
Said,বলল
Saiful,সাইফুল
Saikat,সৈকত
Saj,Saj
Saju,সাজু
Sakura,সাকুরা
Sala,সালা
Salam,সালাম
Salauddin,সালাউদ্দিনের
Saleha,সালেহা
Salek,সালেক
Salim,সেলিম
Salma,সালমা
Salsabil,Salsabil
Samad,সামাদ
Samaun,Samaun
Samir,সমীর
Samoyik,Samoyik
Samsuddin,শামসুদ্দিন
Samsujjaman,Samsujjaman
Samsujjoha,Samsujjoha
Samsunnahar,Samsunnahar
Sanchita,সঞ্চিতা
Sanjida,সানজিদা
Sapnil,Sapnil
Sapphire,নীলকান্তমণি
Sara,সারা
Sardar,সরদার
Sarder,সরদার
Sare,Sare
Sarina,Sarina
Sarkar,সরকার
Sarker,সরকার
SaRoadar,SaRoadar
Sarowar,সরওয়ার
Sarwar,সারওয়ার
Satarkul,Satarkul
Sattar,সাত্তার
Saya,সয়া
Sayanir,Sayanir
Sayed,সৈয়দ
Sayera,সায়েরা
Scarlet,টক্টকে লাল
School,স্কুল
Sejuti,Sejuti
Sel,sel
Selim,সেলিম
Selina,সেলিনা
Sen,সেন
Serene,নির্মেঘ
Serenity,প্রশান্তি
Service,সেবা
Setara,সেতারা
Setu,সেতু
Shachi,Shachi
Shade,ছায়া
Shafi,শফি
Shafia,Shafia
Shagotom,Shagotom
Shah,শাহ
Shahabuddin,সাহাবুদ্দিন
Shahana,শাহানা
Shaheb,সাহেব
Shaheenbag,Shaheenbag
Shahid,শহীদ
Shahidulla,Shahidulla
Shahidullah,শহীদুল্লাহ
Shahin,শাহীন
Shahina,শাহীনা
Shahjahan,শাহজাহান
Shaily,Shaily
Shajahan,শাজাহান
Shal,শাল
Shala,শালা
Shaluk,Shaluk
Shama,শামা
Shamim,শামীম
Shamlima,Shamlima
Shamma,শম্ম
Shamoik,Shamoik
Shams,শামস
Shamsuddin,শামসুদ্দিন
Shamsunnahar,শামসুন্নাহার
Shamsuzzaman,শামসুজ্জামান
Shanta,শান্তা
Shantikunja,Shantikunja
Shanur,Shanur
Shaon,শাওন
Shapla,শাপলা
Shapnil,Shapnil
Sharak,Sharak
Sharani,সরণী
Sharanika,Sharanika
Sharif,শরীফ
Sharmin,শারমিন
Sharnali,Sharnali
Shati,Shati
Shatkahon,Shatkahon
Shaymoli,Shaymoli
Shaymolima,Shaymolima
Shefali,শেফালী
Sheikh,গ্রামের প্রধান
Shejuti,সেজুতি
Shelly,শেলী
Sheltar,Sheltar
Sheltech,শেলটেক
Shelter,আশ্রয়
Sheshe,Sheshe
Shetu,সেতু
Sheuli,শিউলী
Sheuly,Sheuly
Shewrapara,শেওড়াপাড়া
Shikdar,শিকদার
Shikder,সিকদারের
Shikha,শিখা
Shikhor,Shikhor
Shikor,Shikor
Shilalipi,Shilalipi
Shimana,Shimana
Shine,চকমক
Shireen,শিরিন
Shiri,শিরি
Shirin,শিরিন
Shishir,শিশির
Shiuli,শিউলি
Shodon,Shodon
Shofi,শফি
Shofiuddin,Shofiuddin
Shofiullah,Shofiullah
Shohag,সোহাগ
Shonkhochil,Shonkhochil
Shop,দোকান
Shopna,Shopna
Shopnaloe,Shopnaloe
Shopnil,Shopnil
Shopno,Shopno থেকে
Shopnochura,Shopnochura
Shopnopuri,Shopnopuri
Shoptok,Shoptok
Shoptorshi,Shoptorshi
Shore,কূল
Shorgo,Shorgo
Shornali,Shornali
Shornolota,Shornolota
Shoron,Shoron
Shourov,Shourov
Shova,শোভা
Showrav,Showrav
Shubornolota,Shubornolota
Shuchona,Shuchona
Shukhon,Shukhon
Shukrana,Shukrana
Shukria,Shukria
Shukriya,Shukriya
Shuktara,শুকতারা
Shurjomukhi,Shurjomukhi
Shuveccha,Shuveccha
Shuvo,শুভ
Shwapnil,Shwapnil
Shwapno,Shwapno
Shyamolima,Shyamolima
Siam,শ্যামদেশ
Siddik,সিদ্দিক
Siddiki,সিদ্দিকী
Siddique,সিদ্দিক
Side,পাশ
Signorina,ইতালীয় ভাষায় ব্যবহৃত সৌজন্যমূলক সম্বোধন
Sikandar,সিকন্দর
Sikdar,সিকদারের
Sikder,সিকদার
Silicon,সিলিকোন
Simana,সীমানা
Simpletree,Simpletree
Sir,জনাব
Siraj,সিরাজ
Sirajuddin,সিরাজউদ্দিন
Sisters,বোন
Site,সাইট
Sky,আকাশ
Skytouch,Skytouch
Slum,ঘিঁচি ঘিঁচি বস্তি
Smrity,স্মৃতি
Snehashis,Snehashis
Sneho,Sneho
Snigdha,স্নিগ্ধা
Sobahan,Sobahan
Sobhan,সোবহান
Sobuj,সবুজ
Society,সমাজ
Sofiuddin,Sofiuddin
Sofor,অনেক দূরে
Sohrab,সোহরাব
Soikot,Soikot
Sokhina,সখিনা
Solaiman,সোলাইমান
Solitaire,অধুনালুপ্ত ডোডো জাতীয় পাখি
Solmaid,Solmaid
Sonali,সোনালী
Sonartori,Sonartori
Sonchita,Sonchita
Sonnet,চতুর্দশপদী কবিতা
Sopnil,Sopnil
Sopno,Sopno
Sopnochura,Sopnochura
Sopnokuthir,Sopnokuthir
Sopnopuri,Sopnopuri
Soptorshi,Soptorshi
Sornolota,Sornolota
Soshi,Soshi
Sourob,Sourob
Space,স্থান
Spark,স্ফুলিঙ্গ
Sparkling,ঝিলিমিলি
Splendour,জাঁকজমক
Spondon,স্পন্দন
Sporsho,Sporsho
Spring,বসন্ত
Square,বর্গক্ষেত্র
Srabonti,Srabonti
Srijon,Srijon
Sriti,স্মৃতি
Srity,Srity
Stand,থাকা
Star,তারকা
State,রাষ্ট্র
Stone,পাথর
Store,দোকান
Street,রাস্তা
Studio,চিত্রশালা
Suchona,Suchona
Sudha,সুধা
Sufia,সুফিয়া
Sughonda,Sughonda
Sujon,সুজন
Sukhaloi,Sukhaloi
Sukria,Sukria
Sukur,"Sukur,"
Sultan,সুলতান
Sultana,সুলতানা
Sultania,Sultania
Sumaiya,সুমাইয়া
Sumon,সুমন
Sumona,সুমনা
Sun,সূর্য
Sunflower,সূর্যমুখী
Suniloy,Suniloy
Sunrise,সূর্যোদয়
Sunshine,রোদ
Supreme,সর্বোচ্চ
Surat,সুরাত
Surjomukhi,Surjomukhi
Surma,সুর্মা
Surobi,Surobi
Surovi,Surovi
Suruchi,সুরুচি
Susmita,সুস্মিতা
Suvaloy,Suvaloy
Suveccha,Suveccha
Swajan,Swajan
Swapan,স্বপন
Swapnil,Swapnil
Swapno,Swapno
Sweets,মিষ্ট
Sylvania,সায়লাভানি
Symphony,মিল
Taher,তাহের
Tahera,তাহেরা
Tailers,Tailers
Taj,তাজ
Talukdar,তালুকদার
Talukder,তালুকদার
Taluqdar,Taluqdar
Tamanna,তামান্না
Taqwa,তাকওয়া
Tara,তারা
Tech,প্রযুক্তি
Telecom,টেলি
Terrace,চত্বর
Thai,থাই
Thaye,Thaye
Thikana,Thikana
Tilottoma,Tilottoma
Titas,তিতাস
Titash,তিতাস
Titu,টিটু
Tofayel,তোফায়েল
Tola,তোলা
Tonmoy,তন্ময়
Topaz,পোখরাজ
Topobon,Topobon
Tori,টোরি
Torongo,Torongo
Toru,তরু
Toruchaya,Toruchaya
Touch,স্পর্শ
Tower,মিনার
Trading,লেনদেন
Tridara,Tridara
Trirotno,Trirotno
Troi,troi
Tuli,তুলি
Tulip,টিউলিপ
Tumutrita,Tumutrita
Tunnesa,Tunnesa
Tushar,তুষার
Udayan,উদয়ন
Uddin,উদ্দিন
Ulania,Ulania
Ullah,উল্লাহ
Unity,ঐক্য
Unkown,অজ্ঞাত
Upanto,Upanto
Upohar,Upohar
Upoma,Upoma
Usha,উষা
Utopia,কল্পলোক
Uttama,Uttama
Uttara,উত্তরা
Uttaran,উত্তরণ
Uttaraon,Uttaraon
Uttarayan,Uttarayan
Uttarayon,Uttarayon
Uttaron,Uttaron
Vabon,Vabon
Valley,উপত্যকা
Vally,Vally
Valobasha,Valobasha থেকে
Vatara,Vatara
Velancia,Velancia
Ventura,ভেনটুরা
Venus,শুক্র
Vertex,চূড়া
View,দেখুন
Viila,Viila
Vila,এর মধ্যে Vila
Villa,উদ্যানবাটি
Village,গ্রাম
Vintage,মদ
Vista,বীথি
Wadud,ওয়াদুদ
Wahab,ওয়াহাব
Wahed,ওয়াহেদ
Wajed,ওয়াজেদ
Waliullah,ওয়ালীউল্লাহ
Wasim,ওয়াসিম
Wave,তরঙ্গ
Way,পথ
West,পশ্চিম
Westwood,মধ্যে Westwood
Windsor,উইন্ডসর
Wonder,আশ্চর্য
Wood,কাঠ
Woods,উডস
Workshop,কারখানা
Yaden,Yaden
Yakub,ইয়াকুব
Yamin,ইয়ামিন
Yasin,ইয়াসিন
Yasmin,ইয়াসমিন
Younus,ইউনুস
Yousuf,ইউসুফ
Yusuf,ইউসুফ
Zabbar,Zabbar
Zafor,জাফর
Zahra,জাহরা
Zaman,জামান
Zannat,জান্নাত
Zenith,সুবিন্দু
Zephyr,পশ্চিমা বাতাস
Block,ব্লক
Section,সেকশন
Sector,সেক্টর
No,নং
New,নিউ
Avenue,এভিনিউ
goli,গলি
tower,টাওয়ার
rasta,রাস্তা
Number,নম্বর
Number,নাম্বার
Heart,হার্ট
Cantonment,ক্যান্টনমেন্ট
lane,লেন
sharak,সড়ক
sharak,সরক
sarani,সরণি
sarani,সরণী
sarani,সরনি
sarani,সরনী
Chourasta,চৌরাস্তা
Area,এলাকা
Center,সেন্টার
Shoping,শপিং
Town,টাউন
A,এ
B,বি
C,সি
D,ডি
E,ই
F,এফ
G,জি
H,এইচ
I,আই
J,জে
K,কে
L,এল
M,এম
N,এন
O,ও
P,পি
Q,কিউ
R,আর
S,এস
T,টি
U,ইউ
V,ভি
W,ডব্লিউ
W,ডাব্লিউ
X,এক্স
Y,ওয়াই
Z,জেড
ka,ক
kha,খ
ga,গ
gha,ঘ
uma,ঙ
cha,চ
cha,ছ
ja,জ
jha,ঝ
nio,ঞ
ta,ট
tha,ঠ
da,ড
dha,ঢ
na,ণ
ta,ত
tha,থ
da,দ
dha,ধ
na,ন
pa,প
fa,ফ
ba,ব
va,ভ
ma,ম
ja,য  
ra,র 
ra,ঢ় 
la,ল
sha,শ 
sa,ষ 
sa,স 
ha,হ 
ra,ড়
ya,য় 
